cluster_name	gene	z_score
0	SAT1	22.810895919799805
0	ATG16L2	19.54374122619629
0	DOCK5	18.31890106201172
0	MMP25	14.349239349365234
0	APOBEC3A	12.984182357788086
0	ABTB1	12.045076370239258
0	AC099489.1	10.6403169631958
0	GLT1D1	9.407967567443848
0	YPEL3	9.275163650512695
0	PADI2	9.140792846679688
0	ADGRG3	8.949570655822754
0	GBP5	8.038970947265625
0	PGGHG	7.674579620361328
0	IRF7	7.477858543395996
0	ZDHHC18	7.222837924957275
0	ZBP1	6.402305603027344
0	ASPRV1	6.349930763244629
0	FOS	6.089428424835205
0	CD300A	5.795453071594238
0	FCGR3B	5.5963029861450195
0	CRISPLD2	5.345752239227295
0	COL18A1	4.924582481384277
0	PPCDC	4.797602653503418
0	PHOSPHO1	4.754896640777588
0	PDLIM7	4.606955051422119
0	SCARF1	4.423873424530029
0	RSAD2	4.019591331481934
0	HAL	3.6828532218933105
0	CHI3L1	3.63142466545105
0	HSH2D	3.416696071624756
0	TNFRSF10C	3.195824146270752
0	G0S2	3.1235928535461426
0	NLRP6	3.059752941131592
0	CYP4F3	3.027949333190918
0	REM2	2.943514108657837
0	DAPK2	2.8608202934265137
0	SLC19A1	2.851879358291626
0	LRFN1	2.5774104595184326
0	CXCR2	2.308501720428467
0	RGPD2	2.274686336517334
0	CASP5	2.1881558895111084
0	PLIN5	2.1436591148376465
0	BTN3A1	2.141152858734131
0	CSAD	1.846747875213623
0	LGALSL	1.7786918878555298
0	BTNL8	1.7600687742233276
0	REPS2	1.7418370246887207
0	C10orf105	1.7094299793243408
0	NCF4	1.6270802021026611
0	RAB37	1.5692633390426636
0	TREML2	1.4673317670822144
1	S100A8	89.45552062988281
1	S100A9	84.22765350341797
1	IL1R2	47.4382209777832
1	CD177	37.790626525878906
1	MMP9	35.06462860107422
1	MMP25	28.379121780395508
1	ALPL	27.227367401123047
1	ADGRG3	27.223308563232422
1	S100A12	25.013458251953125
1	FCAR	23.708782196044922
1	PIM3	21.168853759765625
1	ADM	16.57290267944336
1	PROK2	15.315979957580566
1	LRG1	15.307372093200684
1	IL18RAP	15.14659595489502
1	MCTP2	15.005834579467773
1	CLEC4D	14.195124626159668
1	PLIN5	13.536961555480957
1	ANXA3	12.411438941955566
1	PADI2	10.727185249328613
1	PFKFB2	10.097490310668945
1	NARF	9.766098976135254
1	ZDHHC18	9.43237018585205
1	CST7	9.292010307312012
1	G0S2	9.126248359680176
1	MGAM	8.807831764221191
1	BASP1	8.573962211608887
1	LCN2	8.057801246643066
1	VNN2	7.035832405090332
1	SLC51A	6.859888076782227
1	CDKN2D	6.556265830993652
1	FUT7	6.511737823486328
1	LTF	6.089751720428467
1	ST3GAL4	6.023067474365234
1	CXCR1	5.945624351501465
1	HS3ST3B1	5.874683380126953
1	OLFM4	5.319268226623535
1	ARG1	5.2308502197265625
1	OPLAH	4.830007076263428
1	MMP8	4.718210220336914
1	DOCK5	4.465473175048828
1	IDI1	4.364914417266846
1	MBOAT2	4.241431713104248
1	NLRP6	3.458724021911621
1	TNFRSF10C	3.431758165359497
1	GLT1D1	3.245098352432251
1	SLC37A3	3.1187188625335693
1	HLX	3.039165496826172
1	PADI4	2.9606993198394775
1	NTNG2	2.8029818534851074
1	ASPH	2.7529866695404053
2	IL32	60.824073791503906
2	TRBC2	52.35175323486328
2	ZAP70	51.32387924194336
2	TRAC	48.33342742919922
2	CCL5	45.00321960449219
2	SEPTIN1	40.4112663269043
2	NKG7	40.03608322143555
2	ETS1	38.2745246887207
2	CD6	37.199466705322266
2	IL2RB	35.5111198425293
2	LTB	35.30575942993164
2	PRF1	35.1918830871582
2	BCL2	34.39371109008789
2	FAM102A	34.366634368896484
2	CD247	34.17094421386719
2	TRBC1	33.63883590698242
2	LBH	33.06381607055664
2	GNLY	32.79666519165039
2	MT-ND6	30.52642250061035
2	CCND2	30.188875198364258
2	CD3D	29.427400588989258
2	IKZF3	28.81992530822754
2	ITK	28.019609451293945
2	TNFRSF25	26.42354965209961
2	PYHIN1	26.246227264404297
2	TCF7	25.933820724487305
2	GRAP2	24.77476692199707
2	SH2D2A	24.769739151000977
2	CD8A	22.81149673461914
2	TC2N	22.577007293701172
2	SLC38A1	22.546916961669922
2	CD69	22.30834197998047
2	IL7R	22.05817222595215
2	PLEKHF1	21.90294647216797
2	PRDM1	21.8520450592041
2	MAF	20.762094497680664
2	MAP4K1	20.74513053894043
2	CXCR4	20.169198989868164
2	CD7	20.138643264770508
2	ATP2B4	20.123943328857422
2	PRKCH	19.93149757385254
2	CST7	19.891000747680664
2	ITM2A	19.7409610748291
2	SAMD3	19.301115036010742
2	PTPN7	19.09743309020996
2	SOCS1	18.974754333496094
2	TBX21	18.72888946533203
2	PBXIP1	18.645479202270508
2	DUSP2	18.219867706298828
2	LTBP3	18.149002075195312
2	KLRK1	17.768747329711914
3	LYZ	78.77259063720703
3	S100A9	37.2169075012207
3	S100A8	29.95558738708496
3	CD74	22.842411041259766
3	NRGN	11.650053977966309
3	S100A12	11.23992919921875
3	SULF2	10.784674644470215
3	CD300LB	6.047070503234863
3	CLU	4.776759624481201
3	C19orf38	3.208390235900879
3	CBFA2T3	3.1947262287139893
3	UTY	2.3829829692840576
3	HBA2	1.8573029041290283
3	HBA1	1.620493769645691
3	MPP7	1.527809977531433
3	SMARCD3	1.3985702991485596
3	DDX3Y	1.240745186805725
3	C11orf21	0.996788501739502
3	HBB	0.9965221881866455
3	NFE2	0.9725944995880127
3	METTL9	0.9635565280914307
3	NHSL2	0.8637641072273254
3	C16orf74	0.697187602519989
3	HOMER3	0.6510160565376282
3	RAB27A	0.6325448155403137
3	RAB3D	0.5165932178497314
3	TNFRSF8	0.44914355874061584
3	NAT14	0.4172525703907013
3	LYPD2	0.3895827531814575
3	TGFBR3L	0.3450673818588257
3	KCNH3	0.3307022154331207
3	LOXHD1	0.3268950283527374
3	OLIG1	0.26717278361320496
3	CKB	0.2295130491256714
3	RGS14	0.22161279618740082
3	NME8	0.18026256561279297
3	TMEM8B	0.1751098483800888
3	CD79B	0.1681993007659912
3	CRISPLD2	0.16814236342906952
3	CLEC12B	0.1556098610162735
3	TIGD3	0.15385203063488007
3	PF4V1	0.14971546828746796
3	SERPINB10	0.14791007339954376
3	PLPPR2	0.14608676731586456
3	PADI4	0.1354885697364807
3	FRMD3	0.12756960093975067
3	MPO	0.09053119271993637
3	GPR162	0.08462703973054886
3	SFTPD	0.06737202405929565
3	PPM1L	0.06285160034894943
3	PPP1R27	0.028818538412451744
4	CD74	74.57710266113281
4	LMNA	70.77606964111328
4	APOE	64.30402374267578
4	HSPB1	64.15446472167969
4	INHBA	59.32252502441406
4	LYZ	59.16057586669922
4	FN1	57.43567657470703
4	RGCC	50.405914306640625
4	JUN	47.75496292114258
4	ABCG1	47.19545364379883
4	IL3RA	41.023624420166016
4	MT-CO1	38.70275115966797
4	IRS2	34.89741897583008
4	TAPBP	33.475669860839844
4	MT-CO3	32.92365264892578
4	MME	31.51861572265625
4	MT-ND4	31.00433921813965
4	THBD	29.60915184020996
4	HMOX1	29.26232147216797
4	MT-ATP6	26.733001708984375
4	MT-ND6	26.57811737060547
4	THBS1	26.275169372558594
4	MED25	25.495603561401367
4	MT-CO2	23.913469314575195
4	SOCS1	22.4927921295166
4	MYO6	22.073686599731445
4	ITGB5	20.995820999145508
4	MT-ND3	19.692731857299805
4	HSP90AA1	19.67660140991211
4	GPX3	19.315570831298828
4	SPOCD1	18.087594985961914
4	IER5	17.902856826782227
4	SQSTM1	17.867895126342773
4	TNIK	17.69363021850586
4	TMEM134	17.36160659790039
4	TRIP6	17.2362117767334
4	MAF	16.97945213317871
4	SPARC	16.704086303710938
4	KDM2B	16.268396377563477
4	TEDC1	15.999377250671387
4	SGK1	15.995213508605957
4	ADPRHL2	15.966757774353027
4	ABHD5	15.936172485351562
4	CCL24	15.927602767944336
4	AMDHD2	15.839590072631836
4	CBL	15.504392623901367
4	ACOT7	15.103580474853516
4	GALNS	14.51827621459961
4	RASA1	14.505438804626465
4	ECHDC2	14.397088050842285
4	ZNF316	14.381521224975586
5	SQSTM1	71.25888061523438
5	PLAU	45.91295623779297
5	G0S2	44.93502426147461
5	PI3	44.315860748291016
5	CXCL8	43.80613708496094
5	PHACTR1	39.121063232421875
5	PLAUR	38.25765609741211
5	CXCR4	36.01280212402344
5	PPP1R15A	35.65785217285156
5	VEGFA	30.58824348449707
5	PLPP3	27.747886657714844
5	TNFSF14	27.7467098236084
5	HCAR3	25.112468719482422
5	KLHL21	24.16878318786621
5	SCARF1	20.77581214904785
5	OSM	19.810880661010742
5	ZNF316	19.036008834838867
5	CD22	18.17346954345703
5	TMEM140	18.08367347717285
5	HES4	16.7839298248291
5	ATG2A	16.550935745239258
5	SAT1	16.33584976196289
5	CHI3L1	15.292174339294434
5	FOS	14.872445106506348
5	AMDHD2	14.499449729919434
5	FCAR	14.125765800476074
5	IVNS1ABP	13.222724914550781
5	MAFF	13.193653106689453
5	INPP5A	12.982139587402344
5	EGR3	12.136899948120117
5	ZNF267	12.10924243927002
5	CD300A	11.689156532287598
5	AC099489.1	11.302011489868164
5	FOSB	11.271276473999023
5	SLC25A13	11.223877906799316
5	DOCK4	11.082084655761719
5	SH3D21	10.942765235900879
5	CCL3	10.831544876098633
5	DDIT3	10.736620903015137
5	TBC1D7	10.416777610778809
5	SLAMF7	10.405305862426758
5	BASP1	10.266815185546875
5	SLPI	9.947577476501465
5	S100P	9.12412166595459
5	PTGS2	8.696454048156738
5	SGK1	8.278698921203613
5	GADD45B	8.029706001281738
5	PIM3	7.938279151916504
5	IL1R1	7.878440856933594
5	B3GNT8	7.79509973526001
5	PPCDC	7.270999908447266
6	PLAUR	46.60940933227539
6	G0S2	45.10776901245117
6	ALPL	40.68801498413086
6	CXCL8	40.21104431152344
6	IL1RN	39.94517135620117
6	S100A9	38.497005462646484
6	FCAR	37.26878356933594
6	BASP1	36.47541427612305
6	IL1R2	34.080142974853516
6	IVNS1ABP	33.26727294921875
6	IL1B	31.18975830078125
6	PI3	30.97943878173828
6	ECE1	30.97092056274414
6	ADGRG3	27.273221969604492
6	PPP1R15A	27.020994186401367
6	IRS2	26.574127197265625
6	TIMP1	25.425966262817383
6	LRG1	24.551063537597656
6	VNN3	24.062578201293945
6	VNN2	23.14777946472168
6	S100P	22.507095336914062
6	FFAR2	21.587907791137695
6	PHACTR1	21.112661361694336
6	APOBEC3A	20.356245040893555
6	VNN1	20.348949432373047
6	TNFSF14	20.225358963012695
6	PROK2	19.986661911010742
6	S100A8	19.881946563720703
6	GPR84	18.981748580932617
6	CD177	18.430763244628906
6	DUSP16	18.392484664916992
6	BTG2	18.146760940551758
6	SQSTM1	17.89525604248047
6	ADGRE2	17.4672794342041
6	MGAM	16.891738891601562
6	CXCR1	16.520679473876953
6	CXCR4	16.330780029296875
6	PTGS2	16.28818702697754
6	SCN1B	15.512280464172363
6	SLPI	14.906477928161621
6	FBXL13	14.573546409606934
6	ZDHHC18	14.409173011779785
6	IL18RAP	14.252035140991211
6	AC099489.1	14.190088272094727
6	MTF1	13.59683609008789
6	IL1R1	13.561564445495605
6	MCTP2	13.288925170898438
6	DOCK5	13.180780410766602
6	DGAT2	12.883607864379883
6	BID	12.829948425292969
6	ADM	12.321357727050781
7	CD74	84.3206558227539
7	LMNA	78.70277404785156
7	LYZ	75.86434173583984
7	ABCG1	70.27033233642578
7	APOE	69.0342788696289
7	HSPB1	69.03388977050781
7	RGCC	66.72837829589844
7	MME	64.76922607421875
7	FN1	63.707786560058594
7	HMOX1	59.465171813964844
7	INHBA	58.639625549316406
7	THBS1	58.62621307373047
7	HSP90AA1	56.67868423461914
7	IL3RA	55.908973693847656
7	IL13RA1	55.083213806152344
7	ITGB5	54.14491653442383
7	HMOX2	53.22579574584961
7	OASL	52.923770904541016
7	SPATS2L	52.678565979003906
7	ARL2	52.587799072265625
7	B3GNT2	51.95933151245117
7	CBL	48.559959411621094
7	IFIT3	48.512001037597656
7	TXNDC5	47.367408752441406
7	GPX3	47.120140075683594
7	JUN	46.234718322753906
7	TK2	45.121578216552734
7	IL7R	44.945499420166016
7	IFIT2	44.75141906738281
7	PPP3CA	44.40009689331055
7	MAF	44.38256072998047
7	TIMM10	44.1453742980957
7	HADH	44.032779693603516
7	CCDC92	44.023155212402344
7	ABHD5	43.01139831542969
7	TMEM134	41.478458404541016
7	TMEM43	41.3519172668457
7	THBD	41.050907135009766
7	MCRIP1	40.899967193603516
7	RASA1	40.74127960205078
7	NDUFB6	40.39943313598633
7	HSPH1	40.23452377319336
7	TRIP6	39.77048873901367
7	JPT1	39.730743408203125
7	EGR2	39.62950897216797
7	ERLIN1	39.597415924072266
7	SECTM1	38.95384216308594
7	NSFL1C	38.89703369140625
7	ADPRHL2	38.586605072021484
7	TPR	37.61674880981445
7	PLPP3	37.57178497314453
8	G0S2	55.653446197509766
8	CXCL8	32.391143798828125
8	PLAUR	23.006547927856445
8	IL1RN	14.260344505310059
8	S100A9	11.051108360290527
8	IL1B	10.27473258972168
8	SQSTM1	7.944682598114014
8	PI3	7.903982639312744
8	ALPL	6.060858726501465
8	PPP1R15A	5.198780059814453
8	OSM	4.765290260314941
8	FCAR	4.488199234008789
8	SAT1	4.175443172454834
8	PTGS2	3.5275185108184814
8	ADGRG3	3.359510898590088
8	PLAU	3.3181140422821045
8	PIM3	3.31331467628479
8	EGR3	2.4847209453582764
8	SCN1B	2.1442818641662598
8	ATG2A	1.927420973777771
8	SLPI	1.5367425680160522
8	HES4	1.2767819166183472
8	ECE1	1.1808782815933228
8	FFAR2	0.9380746483802795
8	CCL4L2	0.7086039781570435
8	HCAR3	0.7041642069816589
8	IL1A	0.6565797328948975
8	CCL3	0.31157225370407104
8	CDC42BPG	0.21161258220672607
8	HPN	0.1739819347858429
8	CCL3L1	0.13421694934368134
8	PTGES	0.11397865414619446
8	ORM1	0.1023162454366684
8	KRT23	0.08782333880662918
8	NPR3	0.08179398626089096
8	CYP4F3	0.07259182631969452
8	CHI3L1	0.06195536628365517
8	CFAP45	0.061056219041347504
8	SFN	0.057180002331733704
8	LOXHD1	0.05240415409207344
8	N4BP3	0.047784995287656784
8	CLEC2A	0.04123881459236145
8	HPD	0.03925393894314766
8	AOC1	0.03807130828499794
8	CLEC1B	0.021185170859098434
8	INHBB	0.02114708349108696
8	SHROOM2	0.019609130918979645
8	HRK	0.018033092841506004
8	UPK1B	0.0180311631411314
8	CCDC173	0.01645512506365776
8	GDF5	0.015315400436520576
9	G0S2	58.1415901184082
9	SAT1	53.9556999206543
9	ADGRG3	37.39036560058594
9	IRF7	27.124536514282227
9	IL1R2	25.728967666625977
9	GBP1	25.426788330078125
9	OSM	24.780582427978516
9	CXCL8	24.132097244262695
9	IL1RN	23.357683181762695
9	BTG2	21.95253562927246
9	FOS	21.4923038482666
9	PTGS2	20.87729835510254
9	APOBEC3A	19.9969482421875
9	PROK2	17.846609115600586
9	PLAUR	17.588176727294922
9	IL1B	17.054359436035156
9	VPS9D1	16.337825775146484
9	MCTP2	15.914921760559082
9	ALPL	15.276912689208984
9	IFRD1	15.262202262878418
9	GBP5	13.396672248840332
9	PDE4B	12.34628677368164
9	MMP25	12.116247177124023
9	DDIT4	11.938202857971191
9	HELZ2	11.754582405090332
9	ZBP1	11.016725540161133
9	IL18RAP	10.144424438476562
9	PADI2	9.843304634094238
9	FFAR2	9.425150871276855
9	EGR3	9.385843276977539
9	ANTXR2	8.969581604003906
9	C17orf107	8.932069778442383
9	ADM	8.630592346191406
9	RGS2	8.349908828735352
9	PGGHG	8.043684005737305
9	TNFRSF10C	7.384858131408691
9	AREG	7.319207191467285
9	PPP1R15A	6.9763875007629395
9	LRG1	6.890419960021973
9	CDC42EP2	6.608801364898682
9	FCAR	6.577857494354248
9	IVNS1ABP	6.5168561935424805
9	SCARF1	6.502313137054443
9	RSAD2	6.422929286956787
9	TMEM71	6.374758243560791
9	FOSB	6.307229042053223
9	ANXA3	6.113194465637207
9	GK	5.946640968322754
9	EGR1	5.8217644691467285
9	KCNJ15	5.283136367797852
9	ECE1	5.127229690551758
10	PLTP	52.533241271972656
10	ODF3B	42.9357795715332
10	IRF7	39.422420501708984
10	CD74	34.4664192199707
10	ADM	32.85392761230469
10	TIMP1	32.7926139831543
10	CCL2	32.40087890625
10	TAPBP	30.31798553466797
10	SAT1	30.277048110961914
10	HMOX1	30.18508529663086
10	MT-ND6	30.052631378173828
10	CD300A	29.048540115356445
10	JUN	26.001110076904297
10	TNIK	24.94222640991211
10	IL1R2	24.552553176879883
10	SPHK1	24.453886032104492
10	SPP1	23.92384147644043
10	GBP5	23.05938720703125
10	GBP1	22.97148323059082
10	CXCL5	21.528812408447266
10	RCN3	21.37753677368164
10	NKG7	21.008495330810547
10	SQSTM1	20.592655181884766
10	KIFC3	19.565153121948242
10	HELZ2	19.154869079589844
10	FOS	18.98676109313965
10	THBS1	18.27366828918457
10	CXCL2	18.04403305053711
10	HSPA6	17.131427764892578
10	CXCL1	16.84771156311035
10	DOCK4	15.760804176330566
10	APBB3	15.506473541259766
10	DLL1	15.304418563842773
10	CCL8	15.222601890563965
10	AP5Z1	14.734137535095215
10	SECTM1	14.72783088684082
10	IRF2BPL	14.464010238647461
10	MAF	14.41123104095459
10	VPS9D1	13.920478820800781
10	IKBKE	13.901293754577637
10	VEGFA	13.888106346130371
10	DDIT4	13.798908233642578
10	SPARC	13.172226905822754
10	ISG15	13.018430709838867
10	C1orf122	12.77475357055664
10	SOCS1	12.528093338012695
10	THBD	12.18128776550293
10	MED25	12.11909294128418
10	HOMER3	11.514644622802734
10	TRIP6	11.092693328857422
10	KDM4B	10.95323371887207
11	TIMP1	52.34843063354492
11	LYZ	39.9054069519043
11	THBS1	38.93596267700195
11	IL1B	33.81867218017578
11	SPHK1	31.22161102294922
11	HMOX1	29.445453643798828
11	PLAUR	29.123781204223633
11	CCL3	28.477481842041016
11	ADGRE2	25.69467544555664
11	TNIP3	25.102231979370117
11	CD74	24.259241104125977
11	S100A9	24.063173294067383
11	VEGFA	23.992156982421875
11	THBD	23.74421501159668
11	CCL4	23.065431594848633
11	IL1RN	22.77914047241211
11	S100A8	22.54778289794922
11	PIM3	21.995925903320312
11	LMNA	21.27876091003418
11	DDIT4	21.227468490600586
11	NLRP3	20.919689178466797
11	KIFC3	20.881834030151367
11	CLU	19.97342300415039
11	GPR84	19.620084762573242
11	C1orf122	19.199756622314453
11	ASPH	18.487688064575195
11	CXCL2	17.572450637817383
11	NKG7	16.9522647857666
11	CCL20	16.909442901611328
11	INSIG1	16.842561721801758
11	CCL4L2	16.598770141601562
11	HIF1A	16.0732479095459
11	NR4A1	15.976551055908203
11	EGR1	15.84455394744873
11	IKBKE	15.83330249786377
11	FNIP2	15.719213485717773
11	CDC42EP2	15.653675079345703
11	SGK1	15.169548988342285
11	SAT1	15.082117080688477
11	TAPBP	14.77761459350586
11	FHL3	14.715326309204102
11	IER5	14.701576232910156
11	GADD45B	14.653557777404785
11	ADM	14.60537052154541
11	IRF7	14.599283218383789
11	SH2B2	14.549620628356934
11	MYC	14.541604995727539
11	CHSY1	14.37381649017334
11	SLC1A3	14.25635814666748
11	IRF2BPL	14.037805557250977
11	CLEC5A	13.792917251586914
12	S100A8	28.001977920532227
12	S100A9	27.742143630981445
12	G0S2	20.81545066833496
12	PROK2	19.99529457092285
12	IL1R2	19.712018966674805
12	ALPL	18.95083999633789
12	ADGRG3	18.302688598632812
12	FCAR	18.262922286987305
12	MMP25	15.181943893432617
12	FOS	15.122262954711914
12	MCTP2	14.47613525390625
12	SAT1	14.217440605163574
12	CD177	12.726747512817383
12	MGAM	11.640564918518066
12	APOBEC3A	11.560298919677734
12	LRG1	10.713654518127441
12	ADM	9.987994194030762
12	BASP1	9.855977058410645
12	RGS2	9.625007629394531
12	PADI2	9.488570213317871
12	OSM	9.269003868103027
12	PTGS2	9.064065933227539
12	ANXA3	9.024025917053223
12	MT-CO3	9.01609992980957
12	S100A12	8.933150291442871
12	MMP9	8.850139617919922
12	FFAR2	8.71413803100586
12	CXCR1	8.304298400878906
12	IL18RAP	8.192303657531738
12	HIST2H2BE	8.082625389099121
12	VNN2	7.268221378326416
12	IVNS1ABP	7.105615139007568
12	CST7	7.072099208831787
12	BTG2	6.826286315917969
12	TNFRSF10C	6.796544075012207
12	PLIN5	6.795942306518555
12	GLT1D1	6.684892177581787
12	CXCR2	6.284631729125977
12	NCF4	5.990989685058594
12	ZDHHC18	5.6613616943359375
12	FCGR3B	5.57700777053833
12	CREB5	5.5628814697265625
12	KCNJ15	5.500497817993164
12	CXCL8	5.482619285583496
12	AATK	5.48168420791626
12	NTNG2	5.363010406494141
12	NFE2	5.189177989959717
12	PADI4	5.159249782562256
12	PPP1R15A	5.047189235687256
12	TMEM71	4.93418550491333
12	MT-CO1	4.9264044761657715
13	MT-CO1	62.19955062866211
13	MT-CO3	61.86114501953125
13	MT-CO2	58.94456481933594
13	MT-ATP6	58.027069091796875
13	MT-ND4	56.4153938293457
13	MT-ND3	49.718116760253906
13	CD74	49.19024658203125
13	MT-ND2	48.4648323059082
13	LYZ	48.23773193359375
13	MT-ND4L	44.180938720703125
13	MT-ND5	42.224369049072266
13	MT-ND1	41.688453674316406
13	HMOX1	41.106201171875
13	MT-CYB	40.78139877319336
13	SGK1	39.7762451171875
13	RCN3	38.87548065185547
13	ODF3B	36.0416374206543
13	HSPA6	35.5131721496582
13	HSP90AA1	35.05547332763672
13	HSPH1	34.811553955078125
13	HSPB1	34.093143463134766
13	IL13RA1	33.51268005371094
13	FOS	33.22152328491211
13	NSFL1C	32.68299865722656
13	CD300A	32.68073654174805
13	CBL	32.61238098144531
13	IFFO1	32.16832733154297
13	ATG16L2	32.15062713623047
13	APOE	32.11643981933594
13	JUN	31.989795684814453
13	MAF	31.278053283691406
13	VPS8	30.99004364013672
13	NAIP	30.898195266723633
13	GALNS	30.480810165405273
13	HSPA1B	30.102691650390625
13	ABCG1	29.861888885498047
13	TNFSF13B	29.63395881652832
13	GGA1	29.596111297607422
13	TIMP1	29.578258514404297
13	HSPA1A	29.33539581298828
13	CHKB	29.25245475769043
13	PACSIN2	29.24024200439453
13	IRF7	29.11240005493164
13	BST1	28.8425350189209
13	PLPP3	28.758676528930664
13	MT-ND6	28.709980010986328
13	CAMTA2	28.64577293395996
13	DNAJB1	28.59153175354004
13	XRN1	28.415185928344727
13	DEDD2	28.263660430908203
13	AVL9	28.194902420043945
14	HSPA1A	36.52082061767578
14	HSPA1B	35.287269592285156
14	HSP90AA1	30.288288116455078
14	DNAJB1	28.40867805480957
14	G0S2	24.738622665405273
14	MMP9	19.472421646118164
14	PPP1R15A	17.90871238708496
14	ALPL	16.866052627563477
14	SAT1	15.881643295288086
14	S100A9	15.164629936218262
14	IL1R2	14.966047286987305
14	CD177	14.913113594055176
14	ADGRG3	14.542960166931152
14	PROK2	14.46886157989502
14	HSPH1	13.807292938232422
14	FCAR	13.05224323272705
14	PLAUR	12.835108757019043
14	MCTP2	12.225197792053223
14	PTGS2	10.343830108642578
14	S100A8	9.694942474365234
14	HSPA6	9.404131889343262
14	IVNS1ABP	9.34183120727539
14	OSM	8.808276176452637
14	IL1RN	8.185423851013184
14	FFAR2	8.063867568969727
14	IER5	7.988454341888428
14	FOS	7.311038494110107
14	BASP1	7.229007244110107
14	DEDD2	7.095122814178467
14	CXCL8	6.940733909606934
14	IL1B	6.015819072723389
14	ADM	5.600820541381836
14	FUT7	5.438253402709961
14	MGAM	5.367551326751709
14	PIM3	5.265255928039551
14	HCAR3	4.683238983154297
14	MMP25	4.61749792098999
14	NTNG2	4.448896884918213
14	ZFAND2A	4.2996039390563965
14	DDIT4	4.247466564178467
14	HES4	4.206573963165283
14	CXCR1	4.186645030975342
14	VNN1	4.145071029663086
14	TNFSF14	3.8629071712493896
14	ANXA3	3.810638666152954
14	CST7	3.502286434173584
14	GPR84	3.47711443901062
14	NFKBID	3.226555347442627
14	IFRD1	3.0537045001983643
14	EGR3	2.8588802814483643
14	VEGFA	2.5765817165374756
15	HSP90AA1	48.44552230834961
15	TIMP1	47.8851203918457
15	NR4A1	47.66242599487305
15	HSPA1A	47.58634948730469
15	HSPA1B	46.4338264465332
15	VEGFA	46.27204132080078
15	HSPB1	44.36613082885742
15	DNAJB1	43.4877815246582
15	PLAUR	43.12324905395508
15	HSPH1	43.02524185180664
15	IL1B	41.253936767578125
15	CCL3	38.89297866821289
15	IER5	38.40952682495117
15	MT-CO1	37.51747131347656
15	DNAJA4	37.29206085205078
15	CXCL8	37.08340835571289
15	JUN	37.07588577270508
15	HSPA6	36.76762008666992
15	BAG3	35.9340934753418
15	MT-CO3	35.35350799560547
15	SGK1	34.958587646484375
15	SPHK1	34.53867721557617
15	PTGS2	34.19199752807617
15	PPP1R15A	33.90763473510742
15	MT-CO2	33.78392028808594
15	CD74	33.7255973815918
15	FOSB	33.225364685058594
15	CXCL2	32.79542541503906
15	MT-ND4	32.36851119995117
15	IL1RN	32.338951110839844
15	SAT1	30.77793312072754
15	CCL4	30.55776023864746
15	HMOX1	30.061946868896484
15	INSIG1	29.708431243896484
15	MT-ATP6	28.891788482666016
15	ZFAND2A	28.275026321411133
15	EREG	28.099212646484375
15	FKBP4	27.914836883544922
15	NR4A2	27.00261878967285
15	MAFF	26.89870834350586
15	ATF3	26.571758270263672
15	DEDD2	26.525894165039062
15	GPR84	26.23778533935547
15	SLAMF7	25.77418327331543
15	GADD45B	25.465744018554688
15	DDIT4	25.332019805908203
15	PURB	25.261486053466797
15	FNIP2	24.915197372436523
15	GLA	24.73865509033203
15	KIFC3	24.6337947845459
15	GBP5	24.52452278137207
16	CD74	21.59975814819336
16	IGHM	21.197463989257812
16	MT-ND6	21.04998207092285
16	NIBAN3	18.966917037963867
16	CD79A	18.483070373535156
16	MS4A1	13.19316291809082
16	IGKC	12.245662689208984
16	LTB	11.641402244567871
16	IGHD	11.009891510009766
16	TNFRSF13C	10.502984046936035
16	ITM2C	9.620261192321777
16	BLK	9.265047073364258
16	CBFA2T3	9.176234245300293
16	CD22	8.621084213256836
16	P2RX5	7.804137706756592
16	FCRL1	7.37474250793457
16	BCL2	7.183809280395508
16	IGHA1	7.06630802154541
16	ADAM28	6.638411045074463
16	SLC2A1	6.555431365966797
16	MAP4K1	6.533156394958496
16	CD79B	6.520077228546143
16	SLC38A1	6.33633279800415
16	PAX5	6.275818347930908
16	MZB1	6.0604119300842285
16	TSPAN33	6.052417755126953
16	CXCR4	5.881899356842041
16	IGHG1	5.788354396820068
16	SEMA7A	5.667603015899658
16	PTGS1	5.43997859954834
16	IKZF3	5.411699295043945
16	TRAF4	5.407380104064941
16	SPIB	5.24896764755249
16	CCND2	5.069093704223633
16	CD69	5.0403876304626465
16	FCHSD2	5.023377418518066
16	MT-CO3	5.016683578491211
16	GATA2	5.003693580627441
16	HSH2D	4.759882926940918
16	SEPTIN1	4.578588485717773
16	TAPBP	4.552709102630615
16	LBH	4.533317565917969
16	MT-ATP6	4.330804824829102
16	IGLC2	4.28446102142334
16	SIGLEC6	4.258973121643066
16	SETBP1	4.1978440284729
16	TXNDC5	4.066752910614014
16	HDC	4.052385330200195
16	MT-ND4	4.040056228637695
16	JCHAIN	4.038663387298584
16	IGHG2	3.873539924621582
17	CLU	11.430110931396484
17	GP1BB	10.47984504699707
17	PPBP	9.591255187988281
17	ELF3	9.258238792419434
17	NRGN	9.017860412597656
17	LMNA	8.735332489013672
17	TACSTD2	8.648725509643555
17	WFDC2	8.573661804199219
17	MPIG6B	7.8586344718933105
17	ITGA2B	7.8483710289001465
17	MUC4	7.624316215515137
17	DMTN	7.426212310791016
17	SLPI	7.380715847015381
17	PIGR	7.256052017211914
17	CAVIN2	7.103514194488525
17	LCN2	6.798426628112793
17	ATP2C2	6.766027450561523
17	CLDN4	6.653424263000488
17	ITGB3	6.545563220977783
17	KRT7	6.531641483306885
17	TRIM58	6.366196632385254
17	SCNN1A	6.211917877197266
17	TUBB1	6.169183254241943
17	KLF5	6.07131814956665
17	EPPK1	5.9951348304748535
17	CEACAM6	5.915119647979736
17	CKB	5.8442230224609375
17	SLC34A2	5.800889015197754
17	MUC20	5.648390769958496
17	MYL9	5.6322760581970215
17	MT-ATP6	5.607551574707031
17	CFAP157	5.565103530883789
17	MT-CO1	5.543210506439209
17	TRAF4	5.540135860443115
17	SPARC	5.500071048736572
17	BPIFB1	5.434286594390869
17	MT-ND4	5.308338165283203
17	AGR2	5.198212623596191
17	GPRC5A	5.154709339141846
17	ITGB4	5.066203594207764
17	FAM83H	4.99323034286499
17	TTC9	4.953129768371582
17	CD24	4.868346214294434
17	MYO6	4.863306999206543
17	F3	4.84119176864624
17	MAPK15	4.811802864074707
17	TMC4	4.7367329597473145
17	FAM102A	4.629764556884766
17	CCDC78	4.628396987915039
17	DNAI1	4.597269058227539
17	MTURN	4.515549182891846
18	RGCC	13.186264991760254
18	S100A8	10.445727348327637
18	LTF	8.052465438842773
18	S100A9	7.853862285614014
18	AZU1	6.515697956085205
18	ARG1	5.9078216552734375
18	LCN2	4.883659839630127
18	LYZ	4.7671403884887695
18	ANXA3	4.728646278381348
18	DEFA3	4.653310298919678
18	CD24	4.185496807098389
18	MPO	4.143494606018066
18	PGLYRP1	3.6702382564544678
18	FCAR	3.2684264183044434
18	CHI3L1	2.8974874019622803
18	PTPN7	2.8361594676971436
18	DEFA4	2.774672031402588
18	NCF4	2.6287193298339844
18	CYP4F3	2.607635021209717
18	ELANE	2.6022379398345947
18	S100P	2.4838366508483887
18	DDX3Y	2.3660786151885986
18	SEPTIN5	2.257385730743408
18	CAMP	2.2430739402770996
18	NTNG2	2.238292694091797
18	PADI4	2.186082601547241
18	GP1BB	2.1057095527648926
18	NKG7	2.0844883918762207
18	TUBA4A	1.9557856321334839
18	KLF5	1.91262686252594
18	MMP8	1.8973844051361084
18	HIST1H1B	1.8504618406295776
18	CENPM	1.7111130952835083
18	ZNF292	1.7076549530029297
18	UTY	1.6944358348846436
18	PDE4D	1.6828659772872925
18	PADI2	1.60079824924469
18	HELLS	1.5885897874832153
18	FOSB	1.5102767944335938
18	ATP2C2	1.501109004020691
18	CEACAM6	1.4402989149093628
18	LIN7A	1.4338114261627197
18	IRS2	1.3529869318008423
18	CDCA7L	1.3506419658660889
18	MBOAT2	1.3418277502059937
18	OLFM4	1.3241034746170044
18	STXBP5	1.3137129545211792
18	SYNE1	1.2820351123809814
18	PIP4P2	1.2609758377075195
18	PRTN3	1.1619069576263428
18	ZNF394	1.1605452299118042
